SeriesInd,group,Var01,Var02
2011-05-06,S04,17.200001,16587400
2011-05-07,S04,17.23,11718100
2011-05-08,S04,17.299999,16422000
2011-05-09,S04,16.9,31816300
2011-05-10,S04,16.76,15470000
2011-05-13,S04,16.83,16181900
2011-05-14,S04,16.860001,15672400
2011-05-15,S04,16.98,16955600
2011-05-16,S04,17.23,16715600
2011-05-17,S04,17.25,18415000
2011-05-21,S04,16.959999,15182600
2011-05-22,S04,16.68,14419500
2011-05-23,S04,16.58,21858400
2011-05-24,S04,16.209999,25132800
2011-05-27,S04,16.110001,19683700
2011-05-28,S04,16.17,43979400
2011-05-29,S04,16.49,41701000
2011-05-30,S04,15.96,30159500
2011-05-31,S04,15.67,39664600
2011-06-03,S04,15.3,29865700
2011-06-04,S04,15.32,27555200
2011-06-05,S04,15.6,24730600
2011-06-06,S04,15.52,27668100
2011-06-07,S04,15.25,20713800
2011-06-10,S04,15.47,19856400
2011-06-11,S04,15.24,16716900
2011-06-12,S04,15.02,36518100
2011-06-13,S04,15.25,24509500
2011-06-14,S04,15.19,18926400
2011-06-18,S04,15.48,21447200
2011-06-19,S04,15.52,12731900
2011-06-20,S04,15.6,13700100
2011-06-21,S04,15.71,15407900
2011-06-24,S04,15.68,10463500
2011-06-25,S04,15.51,18346700
2011-06-26,S04,15.71,19284200
2011-06-27,S04,15.35,20126900
2011-06-28,S04,15.41,14975600
2011-07-01,S04,15.83,17238000
2011-07-02,S04,15.96,20101800
2011-07-03,S04,15.85,20613800
2011-07-04,S04,15.85,22906000
2011-07-05,S04,16.379999,21415000
2011-07-08,S04,16.610001,30554000
2011-07-09,S04,16.719999,20755200
2011-07-10,S04,16.940001,33088600
2011-07-11,S04,16.65,21732900
2011-07-12,S04,16.59,23106400
2011-07-15,S04,16.639999,18967700
2011-07-16,S04,16.59,18309900
2011-07-17,S04,16.629999,13754600
2011-07-18,S04,16.57,12626200
2011-07-19,S04,16.809999,17871000
2011-07-22,S04,16.540001,18743500
2011-07-23,S04,16.34,31875700
2011-07-24,S04,16.200001,32654500
2011-07-25,S04,16.59,27487400
2011-07-26,S04,16.57,23224900
2011-07-29,S04,16.68,14902800
2011-07-30,S04,16.690001,16204100
2011-07-31,S04,16.58,11996900
2011-08-01,S04,16.6,20103800
2011-08-05,S04,16.559999,9220200
2011-08-06,S04,16.98,25696700
2011-08-07,S04,16.92,19921000
2011-08-08,S04,17.41,45369200
2011-08-09,S04,18.07,47732000
2011-08-12,S04,17.879999,22828900
2011-08-13,S04,18.299999,47514500
2011-08-14,S04,18.469999,41024800
2011-08-15,S04,19.120001,60024700
2011-08-16,S04,18.68,51424700
2011-08-19,S04,18.4,26971800
2011-08-20,S04,18.530001,39171900
2011-08-21,S04,17.780001,71686200
2011-08-22,S04,17.780001,36231400
2011-08-23,S04,17.83,18901000
2011-08-26,S04,17.719999,17363800
2011-08-27,S04,17.360001,22851000
2011-08-28,S04,17,26452500
2011-08-29,S04,17.049999,16788100
2011-08-30,S04,17.129999,19688200
2011-09-02,S04,16.99,18162400
2011-09-03,S04,16.9,31375300
2011-09-04,S04,16.700001,23004200
2011-09-05,S04,16.51,32125800
2011-09-06,S04,15.95,43941000
2011-09-09,S04,16.83,28103500
2011-09-10,S04,16.639999,27786500
2011-09-11,S04,16.5,16405900
2011-09-12,S04,16.5,15363800
2011-09-13,S04,16.66,28111400
2011-09-16,S04,16.469999,21935000
2011-09-17,S04,16.440001,16182200
2011-09-18,S04,16,20485400
2011-09-19,S04,15.49,33789000
2011-09-20,S04,15.9,31215300
2011-09-23,S04,15.79,20116800
2011-09-24,S04,15.31,27856300
2011-09-25,S04,15.83,33656000
2011-09-26,S04,15.84,31091700
2011-09-27,S04,15.69,17619700
2011-10-01,S04,15.55,30475500
2011-10-02,S04,15.2,24993000
2011-10-03,S04,15.5,28395100
2011-10-04,S04,15.38,23606400
2011-10-07,S04,15.36,19153200
2011-10-08,S04,15.12,35500700
2011-10-09,S04,15.06,18108600
2011-10-10,S04,15.14,21249100
2011-10-11,S04,15.35,14056600
2011-10-14,S04,15.49,12493100
2011-10-15,S04,15.69,13888300
2011-10-16,S04,15.65,15920300
2011-10-17,S04,15.72,10769300
2011-10-18,S04,15.67,12767100
2011-10-21,S04,15.84,20412800
2011-10-22,S04,15.51,22418100
2011-10-23,S04,15.39,13374000
2011-10-24,S04,15.19,18287700
2011-10-25,S04,14.92,29817600
2011-10-28,S04,14.86,8175400
2011-10-29,S04,14.54,31825900
2011-10-30,S04,14.22,23912900
2011-10-31,S04,14.15,33222500
2011-11-01,S04,14.24,18564400
2011-11-05,S04,14.46,17334100
2011-11-06,S04,14.42,17417900
2011-11-07,S04,14.77,17088700
2011-11-08,S04,14.93,12682000
2011-11-11,S04,15.21,15585900
2011-11-12,S04,15.6,22328800
2011-11-13,S04,15.42,12255700
2011-11-14,S04,15.39,12626600
2011-11-15,S04,15.37,16829800
2011-11-18,S04,15.38,16168200
2011-11-19,S04,15.28,29578300
2011-11-20,S04,14.28,78035800
2011-11-21,S04,14.17,42677600
2011-11-22,S04,14.04,34318400
2011-11-25,S04,14.22,23247800
2011-11-26,S04,14.1,20971000
2011-11-27,S04,13.99,13522600
2011-11-28,S04,13.96,16703000
2011-11-29,S04,13.98,18380400
2011-12-02,S04,14.08,14167200
2011-12-03,S04,14.07,14098600
2011-12-04,S04,14.2,14297200
2011-12-05,S04,14.25,13072700
2011-12-06,S04,14.38,13394800
2011-12-09,S04,14.52,12202600
2011-12-10,S04,14.46,9658000
2011-12-11,S04,14.2,13235500
2011-12-12,S04,13.99,11659900
2011-12-13,S04,13.96,7845600
2011-12-16,S04,13.9,11416400
2011-12-17,S04,14,13298600
2011-12-18,S04,14.05,15533300
2011-12-19,S04,14,14100700
2011-12-20,S04,13.95,17192200
2011-12-23,S04,13.87,12297600
2011-12-24,S04,13.64,13425800
2011-12-25,S04,13.37,15556800
2011-12-26,S04,13.4,14602700
2011-12-27,S04,13.47,12705600
2011-12-30,S04,13.42,7120900
2011-12-31,S04,13.14,16489500
2012-01-01,S04,13.41,24616700
2012-01-02,S04,13.55,18190200
2012-01-03,S04,13.75,12478500
2012-01-07,S04,13.62,10240600
2012-01-08,S04,13.82,12102700
2012-01-09,S04,13.92,17735500
2012-01-10,S04,13.77,18590100
2012-01-13,S04,13.88,24261400
2012-01-14,S04,13.76,23064500
2012-01-15,S04,14.35,90035400
2012-01-16,S04,14.23,27281500
2012-01-17,S04,14.33,79565400
2012-01-20,S04,14.06,26234600
2012-01-21,S04,14.26,32048400
2012-01-22,S04,14.25,18567400
2012-01-23,S04,14.24,16931600
2012-01-24,S04,14.51,24154800
2012-01-27,S04,14.53,20674000
2012-01-28,S04,14.45,16074100
2012-01-29,S04,14.39,24475700
2012-01-30,S04,14.35,20376200
2012-01-31,S04,14.35,16096500
2012-02-03,S04,14.32,20557500
2012-02-04,S04,14.77,23988400
2012-02-05,S04,14.7,20297000
2012-02-06,S04,14.61,18068600
2012-02-07,S04,14.56,16102900
2012-02-10,S04,14.58,8348200
2012-02-11,S04,14.47,12465700
2012-02-12,S04,15.48,50773400
2012-02-13,S04,16.76,123449900
2012-02-14,S04,16.73,58481800
2012-02-17,S04,16.280001,35876500
2012-02-18,S04,15.8,32678600
2012-02-19,S04,16.25,37790200
2012-02-20,S04,16,26935500
2012-02-21,S04,16.41,24264100
2012-02-24,S04,16.440001,17251500
2012-02-25,S04,16.48,22349000
2012-02-26,S04,16.43,13764400
2012-02-27,S04,16.450001,12689500
2012-02-28,S04,16.52,16013700
2012-03-02,S04,16.52,14360600
2012-03-03,S04,16.4,9964700
2012-03-04,S04,16.23,17325500
2012-03-05,S04,16.35,26484700
2012-03-06,S04,16.4,13414000
2012-03-09,S04,16.5,15561500
2012-03-10,S04,17.6,56218900
2012-03-11,S04,17.01,17012600
2012-03-12,S04,16.860001,15310600
2012-03-13,S04,16.75,17703400
2012-03-16,S04,16.889999,18934600
2012-03-17,S04,16.49,23484100
2012-03-18,S04,16.33,10305800
2012-03-19,S04,17.17,46500100
2012-03-20,S04,16.969999,24036200
2012-03-23,S04,16.65,14316900
2012-03-24,S04,16.43,22437900
2012-03-25,S04,16.48,11561700
2012-03-27,S04,16.4,4953900
2012-03-30,S04,16.450001,14653000
2012-03-31,S04,16.34,24981100
2012-04-01,S04,16.4,17435900
2012-04-02,S04,16.41,13167300
2012-04-03,S04,16.370001,9228000
2012-04-06,S04,16.6,12063800
2012-04-07,S04,17.07,29056400
2012-04-08,S04,17.219999,21773300
2012-04-09,S04,17.190001,8673300
2012-04-10,S04,17.049999,8985300
2012-04-13,S04,16.99,12755400
2012-04-14,S04,16.84,11429500
2012-04-15,S04,16.73,10944200
2012-04-16,S04,16.700001,12940500
2012-04-17,S04,16.66,24896100
2012-04-20,S04,16.42,17566400
2012-04-21,S04,16.68,11394700
2012-04-22,S04,16.780001,6767500
2012-04-23,S04,16.73,8889200
2012-04-27,S04,16.629999,7492300
2012-04-28,S04,16.540001,8389100
2012-04-29,S04,16.77,7668600
2012-04-30,S04,16.77,8318900
2012-05-01,S04,16.76,7754500
2012-05-04,S04,16.940001,17684000
2012-05-05,S04,16.83,11092800
2012-05-06,S04,16.91,23447700
2012-05-07,S04,17.34,30656800
2012-05-08,S04,17.17,19869500
2012-05-11,S04,16.799999,16176700
2012-05-12,S04,16.73,14615700
2012-05-13,S04,16.809999,15066200
2012-05-14,S04,16.92,15961000
2012-05-15,S04,16.83,13593500
2012-05-19,S04,16.68,21392500
2012-05-20,S04,16.549999,17130000
2012-05-21,S04,16.33,14622700
2012-05-22,S04,16.309999,23366200
2012-05-25,S04,16.24,23375300
2012-05-26,S04,16.190001,26673100
2012-05-27,S04,16.049999,49690800
2012-05-28,S04,16.360001,39067000
2012-05-29,S04,16.209999,24734000
2012-06-01,S04,16.200001,22911400
2012-06-02,S04,16.459999,26938900
2012-06-03,S04,16.66,21106800
2012-06-04,S04,16.91,33314600
2012-06-05,S04,16.91,19127900
2012-06-08,S04,17,16046500
2012-06-09,S04,16.85,17932000
2012-06-10,S04,16.700001,17778700
2012-06-11,S04,16.719999,15430500
2012-06-12,S04,16.870001,15386300
2012-06-15,S04,16.93,14503000
2012-06-16,S04,17.389999,31395200
2012-06-17,S04,17.82,41824100
2012-06-18,S04,17.82,23566600
2012-06-19,S04,17.84,13729900
2012-06-23,S04,17.389999,34759500
2012-06-24,S04,17.1,35225100
2012-06-25,S04,16.73,31570400
2012-06-26,S04,16.77,16939600
2012-06-29,S04,16.6,20210300
2012-06-30,S04,16.49,16702800
2012-07-01,S04,16.85,24521100
2012-07-02,S04,17.049999,35202100
2012-07-03,S04,17.200001,20274200
2012-07-06,S04,17.15,18770800
2012-07-07,S04,17.02,12717200
2012-07-08,S04,17.700001,33798000
2012-07-09,S04,17.389999,25659700
2012-07-10,S04,17.540001,19454900
2012-07-13,S04,17.440001,21615500
2012-07-14,S04,16.68,51489300
2012-07-15,S04,16.48,38378500
2012-07-16,S04,16.42,37548800
2012-07-17,S04,16.190001,26660400
2012-07-20,S04,16.5,20613700
2012-07-21,S04,16.48,30692400
2012-07-22,S04,16.34,30842500
2012-07-23,S04,16.91,20120300
2012-07-24,S04,17.049999,21047200
2012-07-27,S04,17.059999,16066700
2012-07-28,S04,16.780001,10037900
2012-07-29,S04,16.92,12944600
2012-07-30,S04,16.879999,15131500
2012-07-31,S04,16.98,12487400
2012-08-03,S04,17.049999,9560800
2012-08-04,S04,17.290001,18464500
2012-08-05,S04,17.200001,13298700
2012-08-06,S04,17.1,12778700
2012-08-07,S04,17.110001,13114200
2012-08-10,S04,16.959999,34841900
2012-08-11,S04,16.639999,19783600
2012-08-12,S04,16.690001,16700400
2012-08-13,S04,16.82,16595500
2012-08-14,S04,16.780001,14756500
2012-08-17,S04,16.440001,21935700
2012-08-18,S04,16.360001,31547400
2012-08-19,S04,17.23,34310400
2012-08-20,S04,16.940001,13985200
2012-08-24,S04,17.309999,17771500
2012-08-25,S04,17.370001,20000000
2012-08-26,S04,17.43,16642400
2012-08-27,S04,17.530001,14400000
2012-08-28,S04,17.77,30800000
2012-08-31,S04,18.35,44030600
2012-09-01,S04,18.639999,32600000
2012-09-02,S04,18.379999,23584900
2012-09-03,S04,18.559999,30800000
2012-09-04,S04,18.799999,29690800
2012-09-07,S04,18.84,15595600
2012-09-08,S04,18.700001,18475100
2012-09-09,S04,18.610001,131200000
2012-09-10,S04,17.809999,53000000
2012-09-11,S04,16.84,120057600
2012-09-14,S04,16.690001,62082200
2012-09-15,S04,16.07,31205200
2012-09-16,S04,16.16,25880200
2012-09-17,S04,16.49,40356400
2012-09-18,S04,16.440001,23582700
2012-09-21,S04,16.17,19300000
2012-09-22,S04,16.41,23150600
2012-09-23,S04,16.99,34172600
2012-09-24,S04,16.219999,23999500
2012-09-25,S04,16.190001,20091200
2012-09-29,S04,16.59,30266600
2012-09-30,S04,16.43,40295600
2012-10-01,S04,16.110001,21005000
2012-10-02,S04,16,22245200
2012-10-05,S04,15.85,18200400
2012-10-06,S04,15.65,16516100
2012-10-07,S04,15.38,21986600
2012-10-08,S04,15.33,18681900
2012-10-09,S04,15.73,19452400
2012-10-12,S04,15.34,14581200
2012-10-13,S04,15.56,21994400
2012-10-14,S04,15.05,41286100
2012-10-15,S04,15.09,24446700
2012-10-16,S04,14.98,22963400
2012-10-19,S04,15.42,32646500
2012-10-20,S04,15.38,17507800
2012-10-21,S04,15.53,30154700
2012-10-22,S04,15.09,32524700
2012-10-23,S04,15.16,25340600
2012-10-26,S04,14.98,13836300
2012-10-27,S04,15.18,16056600
2012-10-28,S04,15.05,25465200
2012-10-29,S04,15.1,34905700
2012-10-30,S04,15.5,16272500
2012-11-03,S04,15.67,20481700
2012-11-04,S04,15.81,18287200
2012-11-05,S04,15.95,20991400
2012-11-06,S04,15.69,14364900
2012-11-09,S04,15.44,21486700
2012-11-10,S04,15.18,22791100
2012-11-11,S04,15.1,16646100
2012-11-12,S04,14.99,27078600
2012-11-13,S04,14.94,19745100
2012-11-16,S04,14.69,24504800
2012-11-17,S04,14.69,30168200
2012-11-18,S04,14.15,63098400
2012-11-19,S04,13.63,30487100
2012-11-20,S04,14.05,30144800
2012-11-23,S04,13.88,16725400
2012-11-24,S04,13.99,20934200
2012-11-25,S04,13.9,20559500
2012-11-26,S04,13.71,20636500
2012-11-27,S04,14.07,67798500
2012-11-30,S04,13.34,26880000
2012-12-01,S04,13.18,25800300
2012-12-02,S04,13.07,26161900
2012-12-03,S04,12.86,39442300
2012-12-04,S04,12.12,47066200
2012-12-07,S04,11.8,59577600
2012-12-08,S04,12.09,47484100
2012-12-09,S04,12.14,48027400
2012-12-10,S04,12.92,51098800
2012-12-11,S04,13.62,48472500
2012-12-14,S04,13.69,25682800
2012-12-15,S04,13.57,25581900
2012-12-16,S04,13.62,17006500
2012-12-17,S04,13.09,30447700
2012-12-18,S04,13.08,26183900
2012-12-21,S04,13.23,14199400
2012-12-22,S04,13.35,17186500
2012-12-23,S04,13.3,24967200
2012-12-24,S04,13.21,21811800
2012-12-25,S04,12.89,35882600
2012-12-28,S04,13.68,30990800
2012-12-29,S04,13.98,29162300
2012-12-30,S04,13.94,25390700
2012-12-31,S04,13.78,17962700
2013-01-01,S04,13.13,20508600
2013-01-05,S04,12.95,54455300
2013-01-06,S04,14,77324200
2013-01-07,S04,14.49,93972000
2013-01-08,S04,14.57,60031900
2013-01-11,S04,14.28,32692700
2013-01-12,S04,14.34,19928800
2013-01-13,S04,14.94,37385000
2013-01-14,S04,15.4,58585100
2013-01-15,S04,15.34,56827900
2013-01-18,S04,14.79,27290100
2013-01-19,S04,14.66,21767200
2013-01-20,S04,14.6,32012800
2013-01-21,S04,14.25,60456300
2013-01-22,S04,14.83,49333200
2013-01-25,S04,14.8,24466200
2013-01-26,S04,15,25084400
2013-01-27,S04,14.62,21284700
2013-01-28,S04,14.39,45776600
2013-01-29,S04,13.44,30232800
2013-02-01,S04,14.04,43196300
2013-02-02,S04,14.48,44487200
2013-02-03,S04,16.15,97330200
2013-02-04,S04,15.8,49961100
2013-02-05,S04,15.75,27954000
2013-02-08,S04,16.040001,33085000
2013-02-09,S04,15.95,18050300
2013-02-10,S04,15.95,20585400
2013-02-11,S04,16.370001,32487300
2013-02-12,S04,16.15,23520100
2013-02-15,S04,16.040001,21204000
2013-02-16,S04,15.74,31377900
2013-02-17,S04,16.790001,54264500
2013-02-18,S04,16.49,40816900
2013-02-19,S04,16.389999,29739400
2013-02-22,S04,16.75,29864000
2013-02-23,S04,16.700001,24059700
2013-02-24,S04,16.440001,23630100
2013-02-25,S04,16.700001,19772200
2013-02-26,S04,16.700001,20286900
2013-03-01,S04,16.07,39763700
2013-03-02,S04,15.08,41834700
2013-03-03,S04,15.3,20758800
2013-03-04,S04,15.5,16809500
2013-03-05,S04,15.54,41853000
2013-03-08,S04,15.7,22390700
2013-03-09,S04,16.18,25079700
2013-03-10,S04,16.5,45328300
2013-03-11,S04,16.219999,15366400
2013-03-12,S04,16.309999,14541600
2013-03-15,S04,16.309999,14277600
2013-03-16,S04,16.049999,17650700
2013-03-17,S04,16.1,14367600
2013-03-18,S04,15.77,17443700
2013-03-19,S04,15.69,17160300
2013-03-22,S04,15.19,23676900
2013-03-23,S04,15.08,14836000
2013-03-24,S04,15.24,20125200
2013-03-26,S04,15.25,10781800
2013-03-29,S04,15.47,19029000
2013-03-30,S04,15.94,29294000
2013-03-31,S04,16.040001,34718200
2013-04-01,S04,16.459999,47059800
2013-04-02,S04,16.41,22714500
2013-04-05,S04,16.139999,19896500
2013-04-06,S04,16.049999,17333200
2013-04-07,S04,15.86,19750500
2013-04-08,S04,15.76,18126100
2013-04-09,S04,15.96,13446300
2013-04-12,S04,15.72,14689400
2013-04-13,S04,15.74,15584400
2013-04-14,S04,15.28,27251100
2013-04-15,S04,15.29,14829800
2013-04-16,S04,15.26,32617200
2013-04-19,S04,15,21447300
2013-04-20,S04,15.19,15885700
2013-04-21,S04,16.24,47127600
2013-04-22,S04,16.4,33812800
2013-04-23,S04,16.26,17865900
2013-04-27,S04,16.17,9739500
2013-04-28,S04,16.049999,14679900
2013-04-29,S04,16.23,15280900
2013-04-30,S04,16.209999,10832800
2013-05-04,S04,16.389999,19708600
2013-05-05,S04,16.16,35655300
2013-05-06,S04,15.69,19422800
2013-05-07,S04,15.66,13308400
2013-05-10,S04,15.61,13191900
2013-05-11,S04,15.71,14048800
2013-05-12,S04,15.62,10800800
2013-05-13,S04,15.73,12664600
2013-05-14,S04,15.67,11704700
2013-05-18,S04,15.66,15334200
2013-05-19,S04,16,35695800
2013-05-20,S04,16.15,22645000
2013-05-21,S04,16.110001,22003800
2013-05-24,S04,15.93,17864500
2013-05-25,S04,15.81,17152200
2013-05-26,S04,15.71,23349500
2013-05-27,S04,15.69,15408400
2013-05-28,S04,15.8,10859000
2013-05-31,S04,15.65,11076900
2013-06-01,S04,15.62,10725500
2013-06-02,S04,15.8,13221000
2013-06-03,S04,15.82,9948800
2013-06-04,S04,15.98,13652100
2013-06-07,S04,15.95,11291100
2013-06-08,S04,15.89,13504500
2013-06-09,S04,15.97,13439400
2013-06-10,S04,16.1,22553000
2013-06-11,S04,16.309999,27790100
2013-06-14,S04,16.24,10067300
2013-06-15,S04,16.1,88638700
2013-06-16,S04,15.3,25318400
2013-06-17,S04,15.38,15377400
2013-06-18,S04,15.44,22889500
2013-06-22,S04,15.07,29696600
2013-06-23,S04,14.75,27187200
2013-06-24,S04,14.81,15689700
2013-06-25,S04,14.97,12105400
2013-06-28,S04,14.91,13431000
2013-06-29,S04,14.99,15395600
2013-06-30,S04,14.93,19611100
2013-07-01,S04,14.96,12283300
2013-07-02,S04,14.92,9164900
2013-07-05,S04,14.95,11749700
2013-07-06,S04,14.69,12696600
2013-07-07,S04,14.71,10622500
2013-07-08,S04,14.77,11271400
2013-07-09,S04,14.7,9769900
2013-07-12,S04,14.76,11309200
2013-07-13,S04,14.62,17134400
2013-07-14,S04,14.64,14765500
2013-07-15,S04,14.98,19809800
2013-07-16,S04,15.18,28337600
2013-07-19,S04,15.22,16649600
2013-07-20,S04,15.61,22095600
2013-07-21,S04,15.61,25024100
2013-07-22,S04,15.56,14618600
2013-07-23,S04,15.59,8493700
2013-07-26,S04,15.56,11500800
2013-07-27,S04,15.55,11891000
2013-07-28,S04,15.48,18831800
2013-07-29,S04,15.34,9933800
2013-07-30,S04,15.42,15514100
2013-08-02,S04,15.51,14423800
2013-08-03,S04,15.43,18215000
2013-08-04,S04,15.34,20954600
2013-08-05,S04,15.26,11717000
2013-08-09,S04,15.25,11335400
2013-08-10,S04,15.18,15284200
2013-08-11,S04,15.08,11200900
2013-08-12,S04,15.1,9487500
2013-08-13,S04,15.18,15335800
2013-08-16,S04,15.04,13639200
2013-08-17,S04,15.18,20559000
2013-08-18,S04,15.57,36559000
2013-08-19,S04,15.57,18431200
2013-08-20,S04,15.7,24558400
2013-08-23,S04,15.47,21683700
2013-08-24,S04,15.52,12140200
2013-08-25,S04,15.51,13236900
2013-08-26,S04,15.55,12542800
2013-08-27,S04,15.62,9711600
2013-08-30,S04,15.57,10894600
2013-08-31,S04,15.73,9799300
2013-09-01,S04,15.77,10841000
2013-09-02,S04,15.65,10932700
2013-09-03,S04,15.29,13771300
2013-09-06,S04,15.49,13466000
2013-09-07,S04,15.44,18603600
2013-09-08,S04,15.45,19008500
2013-09-09,S04,15.54,11175700
2013-09-10,S04,15.44,21134300
2013-09-13,S04,15.77,30818600
2013-09-14,S04,15.55,13742500
2013-09-15,S04,15.57,17247400
2013-09-16,S04,15.37,17345100
2013-09-17,S04,15.87,32679400
2013-09-20,S04,16,51145800
2013-09-21,S04,15.61,33542000
2013-09-22,S04,15.43,18115300
2013-09-23,S04,15.51,13875600
2013-09-24,S04,15.48,13629000
2013-09-28,S04,15.55,18464900
2013-09-29,S04,15.34,14924600
2013-09-30,S04,15.37,17160000
2013-10-01,S04,15.12,16196700
2013-10-04,S04,15.03,15478000
2013-10-05,S04,15.14,9725400
2013-10-06,S04,15.41,18295500
2013-10-07,S04,15.5,12635700
2013-10-08,S04,15.68,16420600
2013-10-11,S04,15.73,17145100
2013-10-12,S04,15.52,17012500
2013-10-13,S04,15.49,16454100
2013-10-14,S04,15.46,11612700
2013-10-15,S04,15.44,11716500
2013-10-18,S04,15.54,9654000
2013-10-19,S04,15.69,10635800
2013-10-20,S04,15.75,11260700
2013-10-21,S04,15.8,13102700
2013-10-22,S04,15.7,11042700
2013-10-25,S04,15.55,13383100
2013-10-26,S04,15.47,13640400
2013-10-27,S04,15.63,11261800
2013-10-28,S04,15.48,12479200
2013-10-29,S04,15.83,13501800
2013-11-01,S04,15.94,7226600
2013-11-02,S04,15.99,8148400
2013-11-04,S04,15.99,11440800
2013-11-05,S04,15.91,12151600
2013-11-08,S04,15.84,10375900
2013-11-09,S04,15.98,15933900
2013-11-10,S04,15.94,16482300
2013-11-11,S04,15.81,18390200
2013-11-12,S04,15.84,11811600
2013-11-15,S04,15.8,14982900
2013-11-16,S04,15.89,30596300
2013-11-17,S04,15.75,19270600
2013-11-18,S04,15.86,15985300
2013-11-19,S04,15.94,16919700
2013-11-22,S04,15.81,14825800
2013-11-23,S04,15.76,19733400
2013-11-24,S04,15.64,15092000
2013-11-25,S04,15.88,11033200
2013-11-26,S04,16.17,14220800
2013-11-29,S04,16.15,10187600
2013-11-30,S04,16.059999,13753800
2013-12-01,S04,16.07,14008000
2013-12-02,S04,16,12900500
2013-12-03,S04,16.030001,9140800
2013-12-06,S04,16.07,8803900
2013-12-07,S04,16.370001,17281700
2013-12-08,S04,16.32,7379000
2013-12-09,S04,16.16,8613100
2013-12-10,S04,15.35,61987300
2013-12-13,S04,15.21,20849400
2013-12-14,S04,15.05,29655200
2013-12-15,S04,14.86,20682900
2013-12-16,S04,15.01,24971900
2013-12-17,S04,15.07,19640700
2013-12-20,S04,15.05,11193900
2013-12-21,S04,15.01,27934700
2013-12-22,S04,14.99,9168400
2013-12-23,S04,14.97,12463000
2013-12-24,S04,14.94,8650400
2013-12-27,S04,14.93,10054000
2013-12-28,S04,14.87,12706400
2013-12-29,S04,14.94,21113600
2013-12-30,S04,14.84,10698800
2013-12-31,S04,14.82,11619700
2014-01-04,S04,14.98,18809200
2014-01-05,S04,15.14,21118800
2014-01-06,S04,15.15,18011600
2014-01-07,S04,15.29,12988700
2014-01-10,S04,15.28,10520100
2014-01-11,S04,15.25,8036400
2014-01-12,S04,15.55,22006000
2014-01-13,S04,15.69,12136300
2014-01-14,S04,15.84,17642600
2014-01-17,S04,15.84,11697700
2014-01-18,S04,16.17,42449600
2014-01-19,S04,16.129999,30681100
2014-01-20,S04,15.86,18169800
2014-01-21,S04,15.82,49167000
2014-01-24,S04,16.040001,23019900
2014-01-25,S04,16.09,22966300
2014-01-26,S04,15.81,12784100
2014-01-27,S04,16.200001,24416200
2014-01-28,S04,16.09,19744300
2014-01-31,S04,16.09,20601900
2014-02-01,S04,16.040001,13696700
2014-02-02,S04,16.24,20399000
2014-02-03,S04,16.35,17283900
2014-02-04,S04,16.379999,9240400
2014-02-07,S04,16.16,11736700
2014-02-08,S04,16.049999,14110000
2014-02-09,S04,15.99,14546300
2014-02-10,S04,16.02,12973000
2014-02-11,S04,16.02,12239100
2014-02-14,S04,15.87,20786500
2014-02-15,S04,15.98,20574100
2014-02-16,S04,16.120001,19570500
2014-02-17,S04,16.24,26361000
2014-02-18,S04,16.030001,32893100
2014-02-21,S04,15.95,32288000
2014-02-22,S04,16.790001,71575400
2014-02-23,S04,16.799999,25119700
2014-02-24,S04,16.77,23080800
2014-02-25,S04,16.82,23374200
2014-03-02,S04,16.889999,21058800
2014-03-03,S04,17.049999,19764900
2014-03-04,S04,17.139999,27568700
2014-03-07,S04,17.43,31854300
2014-03-08,S04,17.530001,26321200
2014-03-09,S04,17.559999,24344200
2014-03-10,S04,17.5,20322000
2014-03-11,S04,17.52,23832100
2014-03-14,S04,17.559999,22361500
2014-03-15,S04,17.85,29016900
2014-03-16,S04,18.08,36398900
2014-03-17,S04,18.16,35659000
2014-03-18,S04,18.02,31014300
2014-03-21,S04,18.370001,32995900
2014-03-22,S04,18.5,26228200
2014-03-23,S04,18.5,19584800
2014-03-25,S04,18.59,7714800
2014-03-28,S04,19,34042700
2014-03-29,S04,19.16,29330500
2014-03-30,S04,18.950001,30313200
2014-03-31,S04,19.030001,27259800
2014-04-01,S04,18.950001,24075300
2014-04-04,S04,18.84,29603000
2014-04-05,S04,18.959999,30725600
2014-04-06,S04,19.030001,24739100
2014-04-07,S04,19.280001,25312800
2014-04-08,S04,19.299999,19159700
2014-04-11,S04,19.469999,24127800
2014-04-12,S04,19.629999,19049500
2014-04-13,S04,19.6,22899200
2014-04-14,S04,19.540001,20454600
2014-04-15,S04,19.719999,19580400
2014-04-18,S04,19.74,14760300
2014-04-19,S04,19.76,17094600
2014-04-20,S04,19.690001,12351400
2014-04-21,S04,19.709999,24572800
2014-04-22,S04,19.49,32727700
2014-04-25,S04,19.66,11431500
2014-04-27,S04,19.75,9376200
2014-04-28,S04,19.67,13999400
2014-04-29,S04,19.57,16667800
2014-05-02,S04,19.969999,20645100
2014-05-04,S04,20.32,20463100
2014-05-05,S04,20.1,19504400
2014-05-06,S04,19.950001,12489600
2014-05-09,S04,19.58,23864500
2014-05-10,S04,19.68,16931700
2014-05-11,S04,19.75,21646700
2014-05-12,S04,19.379999,30647000
2014-05-13,S04,19.379999,21552200
2014-05-16,S04,19.540001,13828400
2014-05-17,S04,19.540001,16087600
2014-05-18,S04,20.139999,33291700
2014-05-19,S04,20.209999,14500600
2014-05-20,S04,20.17,13535100
2014-05-24,S04,19.950001,13866900
2014-05-25,S04,20.190001,13857900
2014-05-26,S04,20.52,13711400
2014-05-27,S04,20.48,14954300
2014-05-30,S04,20.5,39510100
2014-05-31,S04,20.879999,57652300
2014-06-01,S04,20.120001,36572300
2014-06-02,S04,19.99,34973700
2014-06-03,S04,19.83,27610600
2014-06-06,S04,19.809999,23906500
2014-06-07,S04,19.780001,13559800
2014-06-08,S04,19.9,15392300
2014-06-09,S04,20.43,24705600
2014-06-10,S04,20.610001,22249700
2014-06-13,S04,20.98,22089900
2014-06-14,S04,21.4,27750200
2014-06-15,S04,21.43,18797900
2014-06-16,S04,21.26,12817900
2014-06-17,S04,21.25,12584000
2014-06-21,S04,21.41,16665800
2014-06-22,S04,21.450001,14438900
2014-06-23,S04,21,13296100
2014-06-24,S04,21.309999,13673300
2014-06-27,S04,21.32,13334900
2014-06-28,S04,20.85,14038200
2014-06-29,S04,21.309999,15697300
2014-06-30,S04,21.57,18873700
2014-07-01,S04,22.280001,33776700
2014-07-04,S04,22.74,30075300
2014-07-05,S04,23.08,30497400
2014-07-06,S04,23.09,15193900
2014-07-07,S04,23,12881800
2014-07-08,S04,22.959999,10583500
2014-07-11,S04,23,16489200
2014-07-12,S04,22.58,12012300
2014-07-13,S04,22.48,13956200
2014-07-14,S04,22.75,12798500
2014-07-15,S04,22.389999,33557400
2014-07-18,S04,22.17,15071700
2014-07-19,S04,22.33,12846900
2014-07-20,S04,22.33,18094100
2014-07-21,S04,22.950001,24719100
2014-07-22,S04,23.26,18062100
2014-07-25,S04,23.879999,23138900
2014-07-26,S04,23.620001,16893200
2014-07-27,S04,23.83,13943600
2014-07-28,S04,23.77,17611900
2014-08-01,S04,23.620001,12344300
2014-08-02,S04,23.9,14724800
2014-08-03,S04,23.879999,14934300
2014-08-04,S04,23.719999,12521200
2014-08-05,S04,23.41,14243700
2014-08-08,S04,23.48,9998100
2014-08-09,S04,24,14773900
2014-08-10,S04,24.32,17281900
2014-08-11,S04,24.57,12362500
2014-08-12,S04,24.799999,13342800
2014-08-15,S04,24.99,28129600
2014-08-16,S04,24.26,30877500
2014-08-17,S04,24.1,45148600
2014-08-18,S04,23.700001,25822300
2014-08-19,S04,23.629999,17860200
2014-08-22,S04,23.959999,15539700
2014-08-23,S04,24.450001,16718000
2014-08-24,S04,24.969999,15138800
2014-08-25,S04,25.290001,17289100
2014-08-26,S04,25.370001,19573300
2014-08-29,S04,24.91,12533100
2014-08-30,S04,24.790001,10091200
2014-08-31,S04,24.719999,11075000
2014-09-01,S04,24.969999,10651000
2014-09-02,S04,25.25,11513900
2014-09-05,S04,25.34,11990500
2014-09-06,S04,26.790001,25883100
2014-09-07,S04,26.66,24960800
2014-09-08,S04,26.49,11186000
2014-09-09,S04,26.860001,16236400
2014-09-12,S04,26.83,15808000
2014-09-13,S04,26.870001,14828200
2014-09-14,S04,27.68,21956500
2014-09-15,S04,27.43,18192300
2014-09-16,S04,26.98,14889300
2014-09-19,S04,27.049999,25099100
2014-09-20,S04,27.129999,14889000
2014-09-21,S04,27.190001,16046200
2014-09-22,S04,26.27,23307000
2014-09-23,S04,26.48,14967100
2014-09-27,S04,26.77,19015300
2014-09-28,S04,26.040001,18738900
2014-09-29,S04,26.5,12916200
2014-09-30,S04,26.6,23994200
2014-10-03,S04,26.620001,16454100
2014-10-04,S04,26.57,13218300
2014-10-05,S04,26.25,14270500
2014-10-06,S04,26.209999,13559000
2014-10-07,S04,27.09,16948700
2014-10-10,S04,27.120001,15850700
2014-10-11,S04,26.879999,10097100
2014-10-12,S04,26.530001,11920800
2014-10-13,S04,26.459999,9763800
2014-10-14,S04,26.549999,7398800
2014-10-17,S04,26.85,10289700
2014-10-18,S04,26.889999,9710700
2014-10-19,S04,26.780001,11398300
2014-10-20,S04,26.049999,19115500
2014-10-21,S04,25.43,24574100
2014-10-24,S04,25.09,37006200
2014-10-25,S04,25.01,18883900
2014-10-26,S04,25.68,12583100
2014-10-27,S04,25.98,14489800
2014-10-28,S04,25.540001,26774300
2014-10-31,S04,25.540001,10679300
2014-11-01,S04,25.5,10129600
2014-11-02,S04,25.639999,6059100
2014-11-04,S04,26.26,11097500
2014-11-07,S04,25.99,10478400
2014-11-08,S04,26.700001,17567800
2014-11-09,S04,27.07,15103300
2014-11-10,S04,27.190001,17589800
2014-11-11,S04,27.440001,17315300
2014-11-14,S04,27.469999,16674800
2014-11-15,S04,27.450001,31375200
2014-11-16,S04,29.73,83791400
2014-11-17,S04,29.83,35025600
2014-11-18,S04,29.719999,20756900
2014-11-21,S04,28.42,46046400
2014-11-22,S04,28.040001,25923400
2014-11-23,S04,27.92,22739800
2014-11-24,S04,28.459999,20000600
2014-11-25,S04,28.34,11918700
2014-11-28,S04,28.33,11095100
2014-11-29,S04,28.23,10337800
2014-11-30,S04,28.209999,20920100
2014-12-01,S04,28.450001,13157600
2014-12-02,S04,28.09,11863400
2014-12-05,S04,27.799999,7839200
2014-12-06,S04,27.75,10951100
2014-12-07,S04,27.51,9450700
2014-12-08,S04,27.620001,8934400
2014-12-09,S04,27.700001,13051100
2014-12-12,S04,28.370001,16561900
2014-12-13,S04,28.6,14891300
2014-12-14,S04,28.209999,8471400
2014-12-15,S04,27.83,14217100
2014-12-16,S04,27.6,14823400
2014-12-19,S04,27.440001,11876000
2014-12-20,S04,27.309999,10707200
2014-12-21,S04,27.49,8791300
2014-12-22,S04,28.01,15728600
2014-12-23,S04,28.32,13192900
2014-12-26,S04,28.040001,9754400
2014-12-27,S04,27.459999,14549500
2014-12-28,S04,27.24,9603100
2014-12-29,S04,27.450001,13911900
2014-12-30,S04,27.440001,16344400
2015-01-03,S04,27.870001,14591100
2015-01-04,S04,28.120001,8880500
2015-01-05,S04,28.35,8989600
2015-01-06,S04,28.5,10807500
2015-01-09,S04,29.32,21178000
2015-01-10,S04,29.629999,13007600
2015-01-11,S04,29.41,10374600
2015-01-12,S04,30.27,22060700
2015-01-13,S04,29.469999,13836600
2015-01-16,S04,30.040001,15748700
2015-01-17,S04,30,10499700
2015-01-18,S04,30.459999,15570600
2015-01-19,S04,31.049999,12795100
2015-01-20,S04,31.1,14925400
2015-01-23,S04,31.030001,15728900
2015-01-24,S04,31.66,27820600
2015-01-25,S04,32.029999,19146600
2015-01-26,S04,33,39233700
2015-01-27,S04,33.849998,31791600
2015-01-30,S04,33.75,30065800
2015-01-31,S04,34.439999,28180900
2015-02-01,S04,34.700001,21637400
2015-02-02,S04,34.360001,23263900
2015-02-03,S04,35.060001,23950200
2015-02-06,S04,34.689999,15448700
2015-02-07,S04,34.5,42914600
2015-02-08,S04,33.330002,33509700
2015-02-09,S04,33.91,23448100
2015-02-10,S04,34.369999,17012300
2015-02-13,S04,34.099998,17614000
2015-02-14,S04,34.32,42773900
2015-02-15,S04,34.110001,44820000
2015-02-16,S04,33.009998,25229700
2015-02-17,S04,33.75,24622900
2015-02-20,S04,34.349998,17776700
2015-02-21,S04,34.599998,17549100
2015-02-22,S04,33.84,15931700
2015-02-23,S04,33.310001,15086700
2015-02-24,S04,32.950001,22290000
2015-02-27,S04,32.700001,18325700
2015-02-28,S04,34,29349200
2015-03-01,S04,33.48,14292300
2015-03-02,S04,33.119999,15301900
2015-03-03,S04,33.349998,15201400
2015-03-06,S04,33.66,15778500
2015-03-07,S04,33.080002,13471100
2015-03-08,S04,33.299999,10826400
2015-03-09,S04,33.049999,16861300
2015-03-10,S04,33.119999,15082800
2015-03-13,S04,33.990002,15846800
2015-03-14,S04,34.52,18227600
2015-03-15,S04,35.119999,21359400
2015-03-16,S04,35.889999,21411400
2015-03-17,S04,35.939999,15615700
2015-03-20,S04,36.189999,19070000
2015-03-21,S04,35.169998,14955300
2015-03-22,S04,36.220001,32439800
2015-03-23,S04,36.66,26425000
2015-03-24,S04,36.630001,13247500
2015-03-27,S04,36.849998,15159800
2015-03-28,S04,36.75,10458300
2015-03-29,S04,37.119999,10427500
2015-03-31,S04,37.349998,6455400
2015-04-03,S04,37.150002,11573000
2015-04-04,S04,37.07,14098300
2015-04-05,S04,38.150002,26139700
2015-04-06,S04,39.310001,27662000
2015-04-07,S04,39.279999,22215000
2015-04-10,S04,39.200001,14386300
2015-04-11,S04,40.25,25479700
2015-04-12,S04,40.16,20915200
2015-04-13,S04,40,16184600
2015-04-14,S04,40.200001,13773700
2015-04-17,S04,40.27,11439100
2015-04-18,S04,40,9842000
2015-04-19,S04,40.040001,16844000
2015-04-20,S04,40.380001,10710200
2015-04-21,S04,40.599998,24637200
2015-04-24,S04,40.799999,7447900
2015-04-25,S04,40.950001,5113900
2015-04-27,S04,41.049999,7364600
2015-04-28,S04,40.75,6138700
2015-05-01,S04,40.580002,8676800
2015-05-02,S04,40.5,8291400
2015-05-04,S04,40.490002,21504200
2015-05-05,S04,40.439999,15755200
2015-05-08,S04,40.32,12467500
2015-05-09,S04,41.200001,14100000
2015-05-10,S04,41.720001,18638200
2015-05-11,S04,41.349998,12897300
2015-05-12,S04,41.349998,8721700
2015-05-15,S04,41.220001,16047200
2015-05-16,S04,41.139999,14473900
2015-05-17,S04,41.310001,9475500
2015-05-18,S04,40.75,16348200
2015-05-19,S04,40.439999,19262500
2015-05-23,S04,40.049999,21436400
2015-05-24,S04,40.400002,12994600
2015-05-25,S04,39.77,15384300
2015-05-26,S04,38.98,26309000
2015-05-29,S04,37.939999,26728000
2015-05-30,S04,38.32,39765300
2015-05-31,S04,36.310001,67190500
2015-06-01,S04,35.810001,32244700
2015-06-02,S04,36.330002,30072400
2015-06-05,S04,36.009998,22195200
2015-06-06,S04,35.860001,21082500
2015-06-07,S04,35.939999,14022900
2015-06-08,S04,36.75,14250000
2015-06-09,S04,37.27,16178500
2015-06-12,S04,38.130001,17642900
2015-06-13,S04,38.860001,18348000
2015-06-14,S04,38.91,14088500
2015-06-15,S04,38.689999,12088100
2015-06-16,S04,38.450001,9975800
2015-06-20,S04,38.59,12096400
2015-06-21,S04,38.330002,15851900
2015-06-22,S04,38.040001,11155900
2015-06-23,S04,37.959999,12351900
2015-06-26,S04,37.709999,15738900
2015-06-27,S04,37.580002,9756900
2015-06-28,S04,38.099998,15778900
2015-06-29,S04,38.48,15489400
2015-06-30,S04,39.380001,16957100
2015-07-03,S04,38.66,14714700
2015-07-04,S04,39.790001,16139400
2015-07-05,S04,40.150002,12536800
2015-07-06,S04,39.98,10626700
2015-07-07,S04,39.91,14455500
2015-07-10,S04,38.779999,11819200
2015-07-11,S04,38.299999,12592300
2015-07-12,S04,37.610001,14794700
2015-07-13,S04,38.419998,21179700
2015-07-14,S04,38.189999,30862300
2015-07-17,S04,39.360001,29698300
2015-07-18,S04,39.509998,16934700
2015-07-19,S04,39.939999,19324600
2015-07-20,S04,38.470001,19517000
2015-07-21,S04,38.27,16044200
2015-07-24,S04,38.040001,29589000
2015-07-25,S04,37.07,31715100
2015-07-26,S04,36.740002,20938800
2015-07-27,S04,36.150002,21929600
2015-07-28,S04,36.73,18292900
2015-07-31,S04,36.580002,15153200
2015-08-01,S04,36.860001,15734000
2015-08-02,S04,36.860001,14522800
2015-08-03,S04,36.790001,16827800
2015-08-04,S04,36.049999,41049900
2015-08-07,S04,34.369999,47770200
2015-08-08,S04,34.43,35486100
2015-08-09,S04,35,21651200
2015-08-10,S04,34.98,34024900
2015-08-11,S04,33.48,28040700
2015-08-14,S04,34.040001,26322600
2015-08-15,S04,34.279999,50600400
2015-08-16,S04,37.299999,61599100
2015-08-17,S04,36.599998,28932700
2015-08-21,S04,36.650002,16685400
2015-08-22,S04,36.849998,17915200
2015-08-23,S04,36.189999,19051700
2015-08-24,S04,35.82,17242300
2015-08-25,S04,35.099998,19401600
2015-08-28,S04,35,31019200
2015-08-29,S04,35.889999,28736000
2015-08-30,S04,36.439999,23341500
2015-08-31,S04,36.689999,19474700
2015-09-01,S04,37.119999,22454100
2015-09-04,S04,37.049999,13129100
2015-09-05,S04,37.169998,19156000
2015-09-06,S04,35.990002,66062700
2015-09-07,S04,34.57,30407700
2015-09-08,S04,34.099998,20303400
2015-09-11,S04,34.599998,22520600
2015-09-12,S04,34.689999,12477100
2015-09-13,S04,34.650002,17039000
2015-09-14,S04,34.189999,18879800
2015-09-15,S04,33.66,18847100
2015-09-18,S04,33.990002,14845700
2015-09-19,S04,34.470001,18596700
2015-09-20,S04,34.389999,13804500
2015-09-21,S04,34.860001,17522800
2015-09-22,S04,35.080002,16294400
2015-09-26,S04,35.130001,13057000
2015-09-27,S04,35.169998,16960500
2015-09-28,S04,35.099998,9780800
2015-09-29,S04,34.93,13153000
2015-10-02,S04,34.950001,9178900
2015-10-03,S04,34.970001,6557500
2015-10-04,S04,34.830002,9434100
2015-10-05,S04,34.990002,11192800
2015-10-06,S04,36.080002,18707200
2015-10-09,S04,36.32,14390000
2015-10-10,S04,36.52,9179300
2015-10-11,S04,36.84,13321500
2015-10-12,S04,36.790001,12466100
2015-10-13,S04,37.060001,12926300
2015-10-16,S04,35.490002,32432300
2015-10-17,S04,34.939999,24402900
2015-10-18,S04,35.009998,17836000
2015-10-19,S04,35.200001,16200000
2015-10-20,S04,34.810001,21605800
2015-10-23,S04,34.220001,26206400
2015-10-24,S04,33.990002,14589800
2015-10-25,S04,33.650002,18074400
2015-10-26,S04,33.75,16010000
2015-10-27,S04,34.549999,25500600
2015-10-30,S04,35.259998,20450100
2015-10-31,S04,35.700001,18609600
2015-11-01,S04,35.91,16533600
2015-11-02,S04,36.150002,8604900
2015-11-06,S04,36.23,15716800
2015-11-07,S04,35.66,23096900
2015-11-08,S04,35.07,12626900
2015-11-09,S04,34.970001,18064800
2015-11-10,S04,35.560001,18379500
2015-11-13,S04,35.950001,18680500
2015-11-14,S04,35.939999,36316600
2015-11-15,S04,34.450001,56260600
2015-11-16,S04,33.900002,37535900
2015-11-17,S04,33.349998,21540900
2015-11-20,S04,33.639999,18431000
2015-11-21,S04,33.84,18153600
2015-11-22,S04,34.919998,38622500
2015-11-23,S04,36.549999,47391000
2015-11-24,S04,36.330002,20143800
2015-11-27,S04,36.23,14607200
2015-11-28,S04,36.16,11570900
2015-11-29,S04,36.990002,29876700
2015-11-30,S04,36.490002,17937400
2015-12-01,S04,36.080002,14573000
2015-12-04,S04,36.66,13097200
2015-12-05,S04,36.419998,17636400
2015-12-06,S04,35.939999,11770500
2015-12-07,S04,36,11306600
2015-12-08,S04,35.959999,10593700
2015-12-11,S04,36.150002,8660100
2015-12-12,S04,35.990002,12902700
2015-12-13,S04,36.450001,16532300
2015-12-14,S04,36.419998,8927300
2015-12-15,S04,36.57,13338900
2015-12-18,S04,37.77,20153200
2015-12-19,S04,37.939999,17084900
2015-12-20,S04,37.75,12670300
2015-12-21,S04,37.75,12254900
2015-12-22,S04,38.200001,14879100
2015-12-25,S04,38.220001,14356400
2015-12-26,S04,37.919998,9516800
2015-12-27,S04,38.720001,24843000
2015-12-28,S04,38.57,16490600
2015-12-29,S04,38.669998,11634100
2016-01-02,S04,39.299999,19803300
2016-01-03,S04,39.599998,16092900
2016-01-04,S04,39.34,14763300
2016-01-05,S04,39.799999,26200400
2016-01-08,S04,41.82,75520200
2016-01-09,S04,42.060001,52683000
2016-01-10,S04,41.23,30741800
2016-01-11,S04,41.560001,25203000
2016-01-12,S04,43.200001,69556500
2016-01-15,S04,44.009998,72409900
2016-01-16,S04,42.959999,61490700
2016-01-17,S04,42.959999,39495500
2016-01-18,S04,43.32,93702100
2016-01-19,S04,43.189999,233872100
2016-01-22,S04,40.040001,109217100
2016-01-23,S04,39.27,66105300
2016-01-24,S04,40.099998,49014100
2016-01-25,S04,39.799999,35916500
2016-01-26,S04,40.799999,62189200
2016-01-29,S04,41.09,35883300
2016-01-30,S04,41.23,30386500
2016-01-31,S04,41.240002,35172900
2016-02-01,S04,40.639999,24584400
2016-02-02,S04,41.689999,38191700
2016-02-05,S04,41.73,23576100
2016-02-06,S04,41.290001,22538300
2016-02-07,S04,41.290001,26593500
2016-02-08,S04,41.25,33519600
2016-02-09,S04,41.07,36771500
2016-02-12,S04,40.07,38841900
2016-02-13,S04,39,38509000
2016-02-14,S04,38.080002,41973500
2016-02-15,S04,38.5,26998500
2016-02-16,S04,38.98,24107000
2016-02-19,S04,39.400002,17802400
2016-02-20,S04,40.48,41955200
2016-02-21,S04,42.880001,69348900
2016-02-22,S04,42.830002,30653400
2016-02-23,S04,43.650002,33805800
2016-02-26,S04,44.82,36596500
2016-02-27,S04,46.150002,36889300
2016-02-28,S04,45.98,25389100
2016-02-29,S04,45.84,16209600
2016-03-01,S04,46.52,18446800
2016-03-04,S04,46.720001,17181500
2016-03-05,S04,47.130001,25051500
2016-03-06,S04,48.279999,33021500
2016-03-07,S04,47.98,22636000
2016-03-08,S04,48.669998,24166700
2016-03-11,S04,49.630001,24730300
2016-03-12,S04,49.18,31586300
2016-03-13,S04,50.630001,30564700
2016-03-14,S04,51.169998,35519200
2016-03-15,S04,51.950001,28824700
2016-03-18,S04,52.419998,38392800
2016-03-19,S04,52.619999,26847300
2016-03-20,S04,51.369999,29260000
2016-03-21,S04,52.23,28916000
2016-03-22,S04,52.25,22227000
2016-03-25,S04,51.830002,14643500
2016-03-26,S04,52.189999,14219600
2016-03-27,S04,52.259998,13428500
2016-03-29,S04,52,8913700
2016-04-01,S04,51.43,23146900
2016-04-02,S04,51.119999,16300600
2016-04-03,S04,50.970001,14236000
2016-04-04,S04,50.669998,12136700
2016-04-05,S04,51.25,15418100
2016-04-08,S04,50.900002,18190100
2016-04-09,S04,50.529999,19655600
2016-04-10,S04,50.689999,16184100
2016-04-11,S04,50.580002,21100200
2016-04-12,S04,51.169998,20370500
2016-04-15,S04,50.919998,18132500
2016-04-16,S04,50.080002,21399300
2016-04-17,S04,50.25,17112300
2016-04-18,S04,51.150002,15338900
2016-04-19,S04,51.470001,24110200
2016-04-22,S04,51.599998,24021100
2016-04-23,S04,51.459999,15514000
2016-04-24,S04,50.919998,5961900
2016-04-26,S04,51.060001,5169700
2016-04-29,S04,51.009998,6624500
2016-04-30,S04,51.27,10703500
2016-05-01,S04,51.68,9305000
2016-05-03,S04,50.779999,11924500
2016-05-06,S04,49.880001,14389300
2016-05-07,S04,49.880001,16204300
2016-05-08,S04,49.639999,11788000
2016-05-09,S04,50.23,14704800
2016-05-10,S04,50.41,7466100
2016-05-13,S04,49.93,10170700
2016-05-14,S04,49.48,21605200
2016-05-15,S04,48.09,15831500
2016-05-16,S04,47.75,17126000
2016-05-17,S04,46.59,14681800
2016-05-21,S04,47.889999,15845900
2016-05-22,S04,48.380001,16305100
2016-05-23,S04,49.080002,12647400
2016-05-24,S04,49.23,14294300
2016-05-27,S04,49.790001,18976400
2016-05-28,S04,49.279999,45777200
2016-05-29,S04,50.32,84839700
2016-05-30,S04,43.799999,74370100
2016-05-31,S04,44.849998,36033600
2016-06-03,S04,44.759998,20305700
2016-06-04,S04,45.25,16985900
2016-06-05,S04,44.98,16281400
2016-06-06,S04,44.259998,18414500
2016-06-07,S04,43.66,16063500
2016-06-10,S04,43.150002,15507600
2016-06-11,S04,43.18,12160800
2016-06-12,S04,43.259998,9791100
2016-06-13,S04,44.16,18158200
2016-06-14,S04,44.59,13785800
2016-06-18,S04,44.540001,12798400
2016-06-19,S04,43.82,10410700
2016-06-20,S04,44.419998,13301000
2016-06-21,S04,44.360001,12036200
2016-06-24,S04,43.990002,12129100
2016-06-25,S04,43.52,9797500
2016-06-26,S04,44.720001,17922900
2016-06-27,S04,44.759998,9223800
2016-06-28,S04,44.57,10044200
2016-07-01,S04,44.43,11027300
2016-07-02,S04,43.950001,22392400
2016-07-03,S04,44.380001,30098500
2016-07-04,S04,44.310001,11867700
2016-07-05,S04,44.240002,11888000
2016-07-08,S04,43.93,11801900
2016-07-09,S04,42.919998,10600700
2016-07-10,S04,42.990002,10007300
2016-07-11,S04,43.360001,8384800
2016-07-12,S04,42.98,9087000
2016-07-15,S04,43.880001,11376400
2016-07-16,S04,44.16,9656200
2016-07-17,S04,44.709999,18919900
2016-07-18,S04,45.450001,14758000
2016-07-19,S04,45.580002,14194200
2016-07-22,S04,45.540001,8268800
2016-07-23,S04,44.779999,7559100
2016-07-24,S04,44.93,14036900
2016-07-25,S04,44.669998,16162900
2016-07-26,S04,45.669998,20563500
2016-07-29,S04,45.419998,8884300
2016-07-30,S04,45.200001,10415500
2016-07-31,S04,44.599998,14722300
2016-08-01,S04,44.360001,12229400
2016-08-05,S04,44.029999,10717000
2016-08-06,S04,44.220001,11382000
2016-08-07,S04,45.189999,16071000
2016-08-08,S04,46.169998,13678000
2016-08-09,S04,45.790001,8436400
2016-08-12,S04,45.59,8837300
2016-08-13,S04,45.639999,12365800
2016-08-14,S04,45.830002,15039600
2016-08-15,S04,46.130001,13833100
2016-08-16,S04,45.439999,13591600
2016-08-19,S04,44.91,10228700
2016-08-20,S04,45.18,18617900
2016-08-21,S04,44.849998,32284300
2016-08-22,S04,44.060001,14298900
2016-08-23,S04,44.709999,11281100
2016-08-26,S04,45.099998,10855400
2016-08-27,S04,44.57,7197100
2016-08-28,S04,44.049999,12712600
2016-08-29,S04,43.310001,14257900
2016-08-30,S04,42.68,10467600
2016-09-02,S04,42.549999,14483800
2016-09-03,S04,42,19377100
2016-09-04,S04,41.73,13976300
2016-09-05,S04,44.98,28213800
2016-09-06,S04,44.549999,15750200
2016-09-09,S04,44.139999,11509600
2016-09-10,S04,44.310001,14264800
2016-09-11,S04,44.669998,10987200
2016-09-12,S04,44.990002,10301800
2016-09-13,S04,45.07,7768600
2016-09-16,S04,44.57,9230000
2016-09-17,S04,44.66,45363900
2016-09-18,S04,43.040001,54530800
2016-09-19,S04,43.869999,30404300
2016-09-20,S04,44,10279400
2016-09-24,S04,43.5,12796000
2016-09-25,S04,43.439999,13686500
2016-09-26,S04,43.419998,9414000
2016-09-27,S04,43.59,10928000
2016-09-30,S04,43.630001,11152900
2016-10-01,S04,43.619999,8866500
2016-10-02,S04,43.779999,11884100
2016-10-03,S04,43.439999,10033400
2016-10-04,S04,43.259998,9831100
2016-10-07,S04,42.889999,7625500
2016-10-08,S04,41.950001,11995200
2016-10-09,S04,42.310001,7943800
2016-10-10,S04,42.209999,23695000
2016-10-11,S04,41.110001,9232700
2016-10-14,S04,40.669998,10876300
2016-10-15,S04,41.400002,20454500
2016-10-16,S04,41.52,11943100
2016-10-17,S04,41.27,10017600
2016-10-18,S04,40.93,11661500
2016-10-21,S04,40.889999,6141500
2016-10-22,S04,40.799999,6860600
2016-10-23,S04,41.23,11462200
2016-10-24,S04,41.389999,10776200
2016-10-25,S04,40.869999,16430900
2016-10-28,S04,39.779999,12481300
2016-10-29,S04,39.650002,11258300
2016-10-30,S04,39.779999,6398400
2016-10-31,S04,39.639999,7713000
2016-11-04,S04,39.119999,11803400
2016-11-05,S04,38.380001,19432500
2016-11-06,S04,37.490002,20529200
2016-11-07,S04,38.68,16871200
2016-11-08,S04,38.419998,10057600
2016-11-11,S04,38.799999,8713200
2016-11-12,S04,39.029999,9506500
2016-11-13,S04,38.799999,9147300
2016-11-14,S04,38.959999,8462400
2016-11-15,S04,39.790001,14864300
2016-11-18,S04,39.98,14752100
2016-11-19,S04,39.849998,14861600
2016-11-20,S04,39.630001,17714800
2016-11-21,S04,39.779999,9267400
2016-11-22,S04,39.580002,8590700
2016-11-25,S04,38.310001,12942700
2016-11-26,S04,37.919998,10333100
2016-11-27,S04,37.919998,10290600
2016-11-28,S04,37.689999,9542700
2016-11-29,S04,37.57,15446100
2016-12-02,S04,36.98,9887300
2016-12-03,S04,37.209999,9051900
2016-12-04,S04,37.709999,6844000
2016-12-05,S04,37.52,12299700
2016-12-06,S04,36.759998,11845500
2016-12-09,S04,37.689999,11351400
2016-12-10,S04,36.77,13833200
2016-12-11,S04,34.77,31405700
2016-12-12,S04,36.610001,28987700
2016-12-13,S04,36.349998,12241100
2016-12-16,S04,36.240002,7933600
2016-12-17,S04,36.189999,11445300
2016-12-18,S04,35.669998,8974100
2016-12-19,S04,34.950001,15604400
2016-12-20,S04,34.02,18373600
2016-12-23,S04,32.279999,23163400
2016-12-24,S04,33.029999,15752300
2016-12-25,S04,32.619999,25414500
2016-12-26,S04,33.77,19105100
2016-12-27,S04,33.57,9366100
2016-12-30,S04,32.990002,13609000
2016-12-31,S04,32.099998,19903500
2017-01-01,S04,32.029999,15688100
2017-01-02,S04,32.740002,13748900
2017-01-03,S04,32.290001,13854100
2017-01-07,S04,32.830002,26873900
2017-01-08,S04,31.799999,47058500
2017-01-09,S04,31.59,14330900
2017-01-10,S04,31.43,14365400
2017-01-13,S04,30.92,22186900
2017-01-14,S04,31.23,25661600
2017-01-15,S04,31.77,22179700
2017-01-16,S04,31.33,17094200
2017-01-17,S04,30.799999,20538300
2017-01-20,S04,31.74,18745000
2017-01-21,S04,30.92,15614900
2017-01-22,S04,30.57,12755400
2017-01-23,S04,29.57,19109900
2017-01-24,S04,29.709999,12817500
2017-01-27,S04,29.219999,49541300
2017-01-28,S04,29.23,41895400
2017-01-29,S04,29.110001,18317900
2017-01-30,S04,29,14467600
2017-01-31,S04,30.709999,29250500
2017-02-03,S04,31.200001,12883300
2017-02-04,S04,31.190001,10572800
2017-02-05,S04,31.99,12224800
2017-02-06,S04,32.5,14245400
2017-02-07,S04,32.689999,11830400
2017-02-10,S04,33.02,12580300
2017-02-11,S04,32.830002,15873800
2017-02-12,S04,32.490002,11282800
2017-02-13,S04,33.490002,19403800
2017-02-14,S04,33.860001,12498900
2017-02-17,S04,33.630001,10856500
2017-02-18,S04,33.59,18644700
2017-02-19,S04,32.43,30390400
2017-02-20,S04,31.9,18501200
2017-02-21,S04,33.360001,24308600
2017-02-24,S04,33.490002,15810300
2017-02-25,S04,35.470001,26380900
2017-02-26,S04,35.27,15174300
2017-02-27,S04,35.150002,10796200
2017-02-28,S04,35.700001,17418900
2017-03-03,S04,35.48,15206700
2017-03-04,S04,35.34,12394300
2017-03-05,S04,35.240002,17501800
2017-03-06,S04,35.299999,15679100
2017-03-07,S04,35.200001,16608600
2017-03-10,S04,34.080002,13645500
2017-03-11,S04,34.130001,11511000
2017-03-12,S04,34.23,11804100
2017-03-13,S04,33.849998,14273100
2017-03-14,S04,33.040001,11063300
2017-03-17,S04,32.990002,11087800
2017-03-18,S04,33.119999,10270400
2017-03-19,S04,33.02,11105600
2017-03-20,S04,33.5,14222100
2017-03-21,S04,33.299999,12498500
2017-03-24,S04,33.869999,11899700
2017-03-25,S04,33.189999,13364700
2017-03-26,S04,33.52,13257200
2017-03-28,S04,33.09,5316100
2017-03-31,S04,33.830002,17534700
2017-04-01,S04,33.889999,11020400
2017-04-02,S04,36.389999,56708100
2017-04-03,S04,35.720001,17080500
2017-04-04,S04,35.200001,16109600
2017-04-07,S04,34.919998,12047900
2017-04-08,S04,34.98,19852600
2017-04-09,S04,35.84,45101900
2017-04-10,S04,34.73,16128800
2017-04-11,S04,34.150002,14936200
2017-04-14,S04,33.27,15949600
2017-04-15,S04,33.389999,16187300
2017-04-16,S04,33.880001,12689400
2017-04-17,S04,34.080002,13243500
2017-04-18,S04,33.630001,16921800
2017-04-21,S04,33.299999,9106700
2017-04-22,S04,34.209999,15531300
2017-04-23,S04,34.580002,13469200
2017-04-24,S04,34.740002,3468900
2017-04-28,S04,33.91,11020800
2017-04-29,S04,34.169998,12621900
2017-04-30,S04,34.040001,5933500
2017-05-01,S04,33.689999,7396000
2017-05-05,S04,32.349998,25194400
2017-05-06,S04,32.330002,14301100
2017-05-07,S04,32.459999,16047800
2017-05-08,S04,31.190001,21209100
2017-05-09,S04,31.540001,26322800
2017-05-12,S04,30.75,17140100
2017-05-13,S04,30.969999,13198500
2017-05-14,S04,31.17,16692400
2017-05-15,S04,30.57,15031400
2017-05-16,S04,29.77,17352000
2017-05-20,S04,30,20053000
2017-05-21,S04,29.110001,20458900
2017-05-22,S04,29.799999,16282500
2017-05-23,S04,30.52,16298100
2017-05-26,S04,30.389999,23176900
2017-05-27,S04,30.190001,11426200
2017-05-28,S04,30.530001,13534600
2017-05-29,S04,30.629999,15589300
2017-05-30,S04,29.51,18979500
2017-06-02,S04,29.790001,12905700
2017-06-03,S04,30.23,36544700
2017-06-04,S04,28.610001,55707000
2017-06-05,S04,29.23,28548200
2017-06-06,S04,29.139999,16379600
2017-06-09,S04,27.969999,24498200
2017-06-10,S04,27.690001,14324800
2017-06-11,S04,NA,9098800
2017-06-12,S04,NA,11188200
2017-06-13,S04,27.32,13011900
2017-06-17,S04,29.440001,20187900
2017-06-18,S04,29.66,12949700
2017-06-19,S04,30.139999,15319400
2017-06-20,S04,30.23,20735000
2017-06-23,S04,31.209999,21465100
2017-06-24,S04,31.379999,17072300
2017-06-25,S04,31.120001,12613500
2017-06-26,S04,31.360001,19907400
2017-06-27,S04,31.9,16683500
2017-06-30,S04,32.459999,21168500
2017-07-01,S04,32.849998,14850900
2017-07-02,S04,33.240002,10462200
2017-07-03,S04,33.209999,11361400
2017-07-04,S04,33.93,22946600
2017-07-07,S04,34.380001,22924000
2017-07-08,S04,33.82,21043800
2017-07-09,S04,33.52,12653200
2017-07-10,S04,33.599998,19452000
2017-07-11,S04,33.860001,12380800
2017-07-14,S04,34.09,8252700
2017-07-15,S04,33.459999,10672300
2017-07-16,S04,34.080002,11002500
2017-07-17,S04,34.549999,9335700
2017-07-18,S04,35.209999,20552600
2017-07-21,S04,36.099998,13551300
2017-07-22,S04,35.610001,11613900
2017-07-23,S04,35.700001,12217700
2017-07-24,S04,34.869999,14118600
2017-07-28,S04,35.450001,12981000
2017-07-29,S04,36.43,23603400
2017-07-30,S04,37.279999,19849800
2017-07-31,S04,37.02,18679000
2017-08-01,S04,36.880001,13656200
2017-08-04,S04,37.5,20227300
2017-08-05,S04,36.919998,12443000
2017-08-06,S04,37,19445000
2017-08-07,S04,37.25,38789100
2017-08-08,S04,36.919998,20273400
2017-08-11,S04,36.849998,13750800
2017-08-12,S04,36.830002,10447800
2017-08-13,S04,37.349998,17166400
2017-08-14,S04,37.5,16620000
2017-08-15,S04,37.150002,19046900
2017-08-18,S04,37,17723000
2017-08-19,S04,36.73,20460600
2017-08-20,S04,38.189999,30761900
2017-08-21,S04,38.119999,11658700
2017-08-22,S04,38.09,9106700
2017-08-25,S04,37.540001,9832100
2017-08-26,S04,37.540001,10083100
2017-08-27,S04,37.59,16401800
2017-08-28,S04,37.439999,13175900
2017-08-29,S04,36.98,12006800
2017-09-01,S04,36.740002,6585500
2017-09-02,S04,36.41,9088800
2017-09-03,S04,36.09,9668700
2017-09-04,S04,37.450001,13718900
2017-09-05,S04,37.310001,9208300
2017-09-08,S04,37.349998,6157400
2017-09-09,S04,37.580002,7178500
2017-09-10,S04,37.630001,10010800
2017-09-11,S04,37.509998,11170900
2017-09-12,S04,37.07,11073200
2017-09-15,S04,37.790001,16995100
2017-09-16,S04,37.700001,11340300
2017-09-17,S04,37.5,8465900
2017-09-18,S04,37.23,7127500
2017-09-19,S04,36.720001,34330700
2017-09-22,S04,36.950001,7785800
2017-09-23,S04,37.630001,10623800
2017-09-24,S04,36.959999,33984900
2017-09-25,S04,36.849998,16285700
2017-09-26,S04,37.880001,14642500
2017-09-30,S04,38.080002,12873600
2017-10-01,S04,37.740002,22177600
2017-10-02,S04,37.220001,12179300
2017-10-03,S04,37.110001,12059100
2017-10-06,S04,37.200001,8426100
2017-10-07,S04,36.990002,14757100
2017-10-08,S04,37.299999,9181900
2017-10-09,S04,37.73,14759100
2017-10-10,S04,37.139999,11216500
2017-10-13,S04,36.91,6519800
2017-10-14,S04,NA,NA
2017-10-15,S04,NA,NA
2017-10-16,S04,NA,NA
2017-10-17,S04,NA,NA
2017-10-20,S04,NA,NA
2017-10-21,S04,NA,NA
2017-10-22,S04,NA,NA
2017-10-23,S04,NA,NA
2017-10-24,S04,NA,NA
2017-10-27,S04,NA,NA
2017-10-28,S04,NA,NA
2017-10-29,S04,NA,NA
2017-10-30,S04,NA,NA
2017-10-31,S04,NA,NA
2017-11-04,S04,NA,NA
2017-11-05,S04,NA,NA
2017-11-06,S04,NA,NA
2017-11-07,S04,NA,NA
2017-11-10,S04,NA,NA
2017-11-11,S04,NA,NA
2017-11-12,S04,NA,NA
2017-11-13,S04,NA,NA
2017-11-14,S04,NA,NA
2017-11-17,S04,NA,NA
2017-11-18,S04,NA,NA
2017-11-19,S04,NA,NA
2017-11-20,S04,NA,NA
2017-11-21,S04,NA,NA
2017-11-24,S04,NA,NA
2017-11-25,S04,NA,NA
2017-11-26,S04,NA,NA
2017-11-27,S04,NA,NA
2017-11-28,S04,NA,NA
2017-12-01,S04,NA,NA
2017-12-02,S04,NA,NA
2017-12-03,S04,NA,NA
2017-12-04,S04,NA,NA
2017-12-05,S04,NA,NA
2017-12-08,S04,NA,NA
2017-12-09,S04,NA,NA
2017-12-10,S04,NA,NA
2017-12-11,S04,NA,NA
2017-12-12,S04,NA,NA
2017-12-15,S04,NA,NA
2017-12-16,S04,NA,NA
2017-12-17,S04,NA,NA
2017-12-18,S04,NA,NA
2017-12-19,S04,NA,NA
2017-12-22,S04,NA,NA
2017-12-23,S04,NA,NA
2017-12-24,S04,NA,NA
2017-12-25,S04,NA,NA
2017-12-26,S04,NA,NA
2017-12-29,S04,NA,NA
2017-12-30,S04,NA,NA
2017-12-31,S04,NA,NA
2018-01-01,S04,NA,NA
2018-01-02,S04,NA,NA
2018-01-06,S04,NA,NA
2018-01-07,S04,NA,NA
2018-01-08,S04,NA,NA
2018-01-09,S04,NA,NA
2018-01-12,S04,NA,NA
2018-01-13,S04,NA,NA
2018-01-14,S04,NA,NA
2018-01-15,S04,NA,NA
2018-01-16,S04,NA,NA
2018-01-19,S04,NA,NA
2018-01-20,S04,NA,NA
2018-01-21,S04,NA,NA
2018-01-22,S04,NA,NA
2018-01-23,S04,NA,NA
2018-01-26,S04,NA,NA
2018-01-27,S04,NA,NA
2018-01-28,S04,NA,NA
2018-01-29,S04,NA,NA
2018-01-30,S04,NA,NA
2018-02-02,S04,NA,NA
2018-02-03,S04,NA,NA
2018-02-04,S04,NA,NA
2018-02-05,S04,NA,NA
2018-02-06,S04,NA,NA
2018-02-09,S04,NA,NA
2018-02-10,S04,NA,NA
2018-02-11,S04,NA,NA
2018-02-12,S04,NA,NA
2018-02-13,S04,NA,NA
2018-02-16,S04,NA,NA
2018-02-17,S04,NA,NA
2018-02-18,S04,NA,NA
2018-02-19,S04,NA,NA
2018-02-20,S04,NA,NA
2018-02-23,S04,NA,NA
2018-02-24,S04,NA,NA
2018-02-25,S04,NA,NA
2018-02-26,S04,NA,NA
2018-02-27,S04,NA,NA
2018-03-02,S04,NA,NA
2018-03-03,S04,NA,NA
2018-03-04,S04,NA,NA
2018-03-05,S04,NA,NA
2018-03-06,S04,NA,NA
2018-03-09,S04,NA,NA
2018-03-10,S04,NA,NA
2018-03-11,S04,NA,NA
2018-03-12,S04,NA,NA
2018-03-13,S04,NA,NA
2018-03-16,S04,NA,NA
2018-03-17,S04,NA,NA
2018-03-18,S04,NA,NA
2018-03-19,S04,NA,NA
2018-03-20,S04,NA,NA
2018-03-23,S04,NA,NA
2018-03-24,S04,NA,NA
2018-03-25,S04,NA,NA
2018-03-27,S04,NA,NA
2018-03-30,S04,NA,NA
2018-03-31,S04,NA,NA
2018-04-01,S04,NA,NA
2018-04-02,S04,NA,NA
2018-04-03,S04,NA,NA
2018-04-06,S04,NA,NA
2018-04-07,S04,NA,NA
2018-04-08,S04,NA,NA
2018-04-09,S04,NA,NA
2018-04-10,S04,NA,NA
2018-04-13,S04,NA,NA
2018-04-14,S04,NA,NA
2018-04-15,S04,NA,NA
2018-04-16,S04,NA,NA
2018-04-17,S04,NA,NA
2018-04-20,S04,NA,NA
2018-04-21,S04,NA,NA
2018-04-22,S04,NA,NA
2018-04-23,S04,NA,NA
2018-04-24,S04,NA,NA
2018-04-28,S04,NA,NA
2018-04-29,S04,NA,NA
2018-04-30,S04,NA,NA
2018-05-01,S04,NA,NA
